{
  "correct_matches": 36,
  "total": 75,
  "pct_correct": 48.0,
  "highest_correct": 0.11023714026822247,
  "lowest_correct": 0.041488165145358295,
  "highest_incorrect": 0.09677556363055537,
  "lowest_incorrect": 0.05249380094925741
}